first_name,last_name,email,gender,birthdate,address_home,address_work,address_other,phoneNumber
Latisha,Robeson,lrobeson0@so-net.ne.jp,Female,1991-10-25,4 Bellgrove Point,28395 Express Hill,2829 Mallory Pass,
Tina,Pleass,,Polygender,2019-03-30,737 Fallview Lane,34042 Loeprich Avenue,,
Armin,Leatt,,Non-binary,2018-09-23,354 Veith Way,832 Bartillon Way,68 Badeau Plaza,2519607753
Nealy,Petranek,npetranek3@prnewswire.com,Genderqueer,1978-12-06,66 Memorial Terrace,99 Ramsey Point,36898 Westridge Avenue,
Prissie,Rowswell,prowswell4@deviantart.com,,2000-09-26,7187 North Pass,9552 Veith Plaza,82342 Delladonna Terrace,6742812646
Rene,Carrell,rcarrell5@gnu.org,Agender,1979-10-04,391 Doe Crossing Plaza,3 Dunning Place,,1059812437
Noella,Pirnie,npirnie6@ustream.tv,Bigender,,,526 Bultman Terrace,71 Boyd Place,6854986880
Maegan,Daingerfield,mdaingerfield7@accuweather.com,Bigender,1992-02-17,94 High Crossing Drive,0 Karstens Court,,7993501488
Anatol,McRae,amcrae8@bing.com,Genderfluid,1987-07-12,724 Stoughton Place,325 Superior Lane,53 Iowa Avenue,8597730339
Deena,Torrent,dtorrent9@flavors.me,Genderqueer,1993-12-14,0 Westridge Terrace,967 Oak Center,,8865278218
Walther,Gofforth,wgoffortha@wunderground.com,Non-binary,1983-09-09,742 Laurel Lane,09304 Colorado Trail,47 Truax Trail,6562149282
Welby,Goodall,wgoodallb@bing.com,Genderfluid,1990-12-22,31834 Washington Crossing,28 Dakota Street,2842 Eliot Park,2046858047
Brian,Stebbins,,Male,1989-12-12,849 Shasta Drive,60161 8th Circle,52824 Coleman Terrace,
Truman,Corson,tcorsond@sbwire.com,Bigender,1972-12-23,87 Old Shore Alley,051 Lawn Parkway,09418 Pearson Court,1922006543
Ashlin,Braime,abraimee@lulu.com,Agender,1985-03-08,550 Fallview Terrace,35164 Algoma Park,9 Grover Terrace,1981881702
Hurleigh,Alenikov,halenikovf@vinaora.com,Bigender,1999-12-06,1 Pine View Hill,83451 Bultman Pass,759 Namekagon Lane,2232322052
Sunny,Racher,sracherg@cnbc.com,,,2 Killdeer Drive,563 Kipling Parkway,02 Schlimgen Place,1219580208
Zola,Rea,zreah@netscape.com,Agender,1991-01-26,310 Northridge Terrace,5731 Dottie Pass,3016 4th Way,7747245149
Muffin,,mkeanei@msn.com,Female,1981-09-24,5891 Anderson Court,53383 Bartillon Park,8 Spenser Pass,4796464492
Suzanne,Rabson,srabsonj@comcast.net,Male,,2619 Stoughton Road,47074 Summit Junction,73611 Evergreen Point,4871588032
Wallis,Boyington,,Polygender,1980-06-25,30 Johnson Crossing,0 Bowman Place,39 Lawn Hill,1922842501
Pierre,Thomson,pthomsonl@guardian.co.uk,Male,2004-04-23,501 Briar Crest Terrace,341 Rockefeller Parkway,06753 Artisan Pass,8795264844
Matthiew,Chafer,mchaferm@sphinn.com,Non-binary,2012-01-15,5 8th Point,410 Schurz Center,539 Pepper Wood Avenue,1211223246
Dee,Huffa,,Bigender,1998-08-10,7 Pine View Pass,66 Almo Hill,04 Norway Maple Park,3741114759
Nikita,Sleite,nsleiteo@senate.gov,Non-binary,2017-08-19,4661 Rockefeller Alley,163 Petterle Avenue,83923 Brown Point,2922414470
Cariotta,Cadany,ccadanyp@cbslocal.com,Bigender,1975-11-25,114 Carberry Street,,5634 Pierstorff Pass,4467555862
Mary,oldey,,Agender,1974-07-28,,559 Loftsgordon Alley,5067 Pennsylvania Junction,1463398509
Charles,Pinch,cpinchr@bloglovin.com,,1996-02-26,568 Union Hill,882 Spenser Center,701 Ilene Drive,8271008039
Waneta,Ebbens,webbenss@telegraph.co.uk,Agender,2010-05-01,7030 Memorial Park,5302 Bartelt Road,54102 Dayton Hill,1221552507
Sayre,,sgleasanet@de.vu,Female,2001-09-21,05711 Bultman Drive,4 Dryden Park,249 5th Drive,5632224016
Betteanne,Bartosiak,bbartosiaku@buzzfeed.com,Female,,520 Anzinger Crossing,30 Grasskamp Hill,72 Vernon Point,6165237373
Morganica,Turnor,,Genderqueer,,86882 Bartelt Avenue,60 Calypso Point,88351 Vera Road,5492741181
Weider,Clixby,wclixbyw@purevolume.com,Male,1975-03-19,806 Maywood Court,8 Butternut Street,520 Kipling Point,9587332061
Alexandrina,Kynastone,akynastonex@cocolog-nifty.com,,,57129 Mesta Point,0 Lakewood Junction,6 Novick Alley,1794093240
Glynis,Downer,gdownery@google.com.hk,Agender,1971-08-11,102 Namekagon Circle,6 Grasskamp Terrace,,2709699982
Lana,Bramley,lbramleyz@gmpg.org,Genderqueer,1982-07-13,,8783 Roth Way,3 Miller Alley,6436258917
Ives,Kirtland,ikirtland10@ibm.com,Bigender,2020-04-19,22 Hudson Park,02992 Thierer Crossing,75206 Waubesa Way,6793658953
Anni,Mattea,amattea11@cnn.com,Female,1972-08-30,81095 Darwin Drive,384 Blackbird Way,71282 Kipling Terrace,
Worth,Eccersley,weccersley12@networkadvertising.org,Genderfluid,1995-07-27,71327 Burning Wood Street,91 Claremont Circle,72 Summit Parkway,4773868451
Fifine,Karlsen,fkarlsen13@canalblog.com,Male,1992-11-05,6070 Stephen Circle,5 Vernon Terrace,193 8th Lane,2285197749
Rickie,Aynscombe,raynscombe14@trellian.com,Bigender,1979-11-01,34 Fulton Place,40445 Elgar Court,19860 Hauk Drive,2474903908
Laird,Ellgood,,Non-binary,2007-07-19,8 Derek Lane,20 Grover Way,7887 Commercial Avenue,3307759627
Jammie,Pinsent,jpinsent16@plala.or.jp,Agender,2000-05-02,8 Sunnyside Parkway,84 Sloan Lane,207 Dryden Drive,4023296186
Madonna,Mingard,mmingard17@toplist.cz,Agender,1999-01-18,092 Bellgrove Pass,0412 Longview Alley,81704 Caliangt Way,3854555564
Justinn,Inchcomb,jinchcomb18@nydailynews.com,Agender,1975-12-07,0663 Sunbrook Way,93 Cambridge Center,31912 John Wall Way,6707482148
Yard,Frangello,yfrangello19@smh.com.au,Agender,,72 Fordem Circle,1 Magdeline Circle,7 Golden Leaf Alley,2979486832
Carlynne,Nafzger,cnafzger1a@smugmug.com,Agender,2013-10-25,054 Butternut Terrace,4 Westerfield Place,946 Green Drive,9183411607
Helaine,Houchin,hhouchin1b@themeforest.net,Male,2016-10-10,384 Dapin Alley,,4462 Raven Hill,1836021421
Janifer,Balderson,jbalderson1c@simplemachines.org,Genderfluid,1982-01-31,76611 Hauk Place,5 Anhalt Way,77608 Green Street,2931996819
Karalee,Goalley,kgoalley1d@theglobeandmail.com,Agender,1974-10-28,30 Michigan Way,3 3rd Center,30 Lerdahl Park,9294548319
Abbey,Ege,aege1e@twitpic.com,Agender,2017-08-10,07 Bluestem Parkway,94669 Maple Wood Terrace,5 Knutson Junction,8157664011
Barnebas,Kneeshaw,bkneeshaw1f@google.it,Genderqueer,,4 Melvin Lane,,86061 Mesta Street,
Belita,Chislett,bchislett1g@nhs.uk,Polygender,1993-04-29,64000 Coleman Park,32135 Mandrake Center,95 Jana Hill,5717268394
Xena,Couvet,xcouvet1h@amazon.co.uk,Agender,1998-07-26,50 Mallard Trail,58 Kensington Point,99 Myrtle Pass,4596273058
Isahella,Ivimy,iivimy1i@clickbank.net,Non-binary,1995-11-16,3092 Doe Crossing Circle,469 Luster Way,4 Ryan Lane,
Ogden,Dulanty,odulanty1j@examiner.com,Male,1987-10-28,5 Service Road,25923 5th Terrace,4 Ruskin Center,2639481069
Ty,McMennum,tmcmennum1k@w3.org,Genderfluid,2011-03-02,1 Emmet Alley,232 Twin Pines Lane,1975 Eagle Crest Circle,7239991018
Berthe,Bayle,bbayle1l@netscape.com,,1994-12-19,5 Logan Court,04223 Hoepker Terrace,9 Thierer Pass,
Elicia,Serrell,eserrell1m@timesonline.co.uk,Agender,2005-02-05,117 Village Green Trail,862 Sheridan Court,4876 Sage Terrace,7338587152
Markos,Thompson,mthompson1n@kickstarter.com,Male,2004-06-15,90 Hermina Place,3 Lukken Place,9 Lakeland Center,
Bonnibelle,Phillp,bphillp1o@chron.com,,2018-12-16,30277 Blue Bill Park Parkway,980 Canary Court,600 Prairieview Plaza,1763984526
Theobald,Jerome,tjerome1p@mlb.com,Genderqueer,1982-08-13,09108 Utah Parkway,98659 Iowa Junction,38684 Gateway Plaza,3488594624
Ambros,Andriveau,,Polygender,1998-03-15,,71113 Pearson Street,65099 Scott Way,4107230906
Asher,Petren,apetren1r@ycombinator.com,Non-binary,2008-07-20,1 Ruskin Crossing,98 Rockefeller Trail,70983 Esch Place,6613424916
Oby,,oarran1s@google.com.br,Non-binary,1984-08-14,93359 Grayhawk Avenue,87325 Judy Park,426 Debra Plaza,
Corry,Cuddon,ccuddon1t@4shared.com,Genderqueer,,,7499 Cody Court,2832 Texas Park,5376382565
Nicki,Kilmaster,nkilmaster1u@independent.co.uk,,1980-12-21,64845 Hauk Junction,34237 Westerfield Pass,6 Dottie Street,7001134721
Wendell,Wickey,wwickey1v@nature.com,Female,2016-11-13,8 Reindahl Lane,32 Crowley Plaza,8481 Lawn Hill,7559277014
Maryjane,Dresse,mdresse1w@sourceforge.net,Non-binary,1985-05-21,,78 Northfield Court,9724 Nancy Point,8882640004
Morgan,Officer,mofficer1x@elpais.com,Polygender,,03791 Kim Center,72 Blaine Hill,6009 Dryden Park,4624112152
Balduin,Cawthry,bcawthry1y@cnbc.com,Polygender,2019-09-16,065 Lotheville Avenue,59425 Spohn Pass,3669 Lillian Parkway,3806112433
Gnni,Rubenov,grubenov1z@toplist.cz,Non-binary,1986-08-29,3 Debra Terrace,6658 Jana Place,620 Park Meadow Lane,1311534447
Hugh,Pakenham,hpakenham20@archive.org,Female,,0341 Morrow Junction,99 Northport Park,25334 Shoshone Street,6021947018
Bord,Rawcliffe,,,,828 Anthes Terrace,028 Graedel Plaza,7023 Hovde Drive,7648051921
Lemuel,Jakolevitch,,Bigender,2017-08-09,779 Graceland Center,26160 Chive Park,87859 Blue Bill Park Place,9801092655
Gradeigh,Mountstephen,gmountstephen23@statcounter.com,Agender,1970-07-15,397 Maple Court,698 Messerschmidt Trail,43771 Old Gate Point,6752876490
Ariana,Dominguez,adominguez24@hatena.ne.jp,Non-binary,1997-05-29,7402 Bobwhite Alley,6 Thackeray Plaza,6 Fulton Trail,6821470614
Tye,Everest,teverest25@reference.com,Polygender,2021-06-06,6566 Corry Avenue,71215 Blue Bill Park Lane,61 Cardinal Street,3786810590
June,,jerrowe26@jiathis.com,Male,1975-08-22,87861 Ridgeview Way,729 Fulton Avenue,42759 Vernon Center,7855543736
Gil,Bennet,gbennet27@slashdot.org,Polygender,2010-07-30,0140 Goodland Court,92923 Rockefeller Pass,0137 Pine View Junction,5312203850
Lovell,Wittman,lwittman28@ftc.gov,Male,1992-08-08,4 Canary Court,31 Debra Trail,240 Bluestem Crossing,2224159188
Isobel,Kerton,ikerton29@gmpg.org,Non-binary,1997-04-12,17 Stang Junction,001 Pierstorff Terrace,8 Acker Road,1002767150
Perice,Tremelling,ptremelling2a@rakuten.co.jp,Genderqueer,2008-02-27,954 Charing Cross Center,7071 Hagan Center,32894 Hayes Drive,6274413592
Carlita,Whitehurst,cwhitehurst2b@moonfruit.com,Agender,1990-07-03,3958 Warbler Avenue,33308 Londonderry Terrace,705 4th Terrace,1322375873
Scott,Gunstone,,Bigender,1976-06-07,9 Dayton Hill,3 Moland Street,44 Mcguire Court,2908200513
Cyrillus,Birmingham,cbirmingham2d@freewebs.com,Female,,88 Iowa Alley,02542 Valley Edge Road,03105 Valley Edge Lane,5122275573
Gianna,Fairney,gfairney2e@livejournal.com,Genderqueer,2001-03-19,212 Stuart Way,255 Namekagon Parkway,9 Washington Circle,
Gilly,Limeburn,glimeburn2f@printfriendly.com,,2001-03-30,39 Helena Way,4570 Hauk Way,400 Pleasure Alley,5015761082
Edik,Murrow,emurrow2g@cnbc.com,Genderqueer,1980-09-17,3 Kensington Place,088 Melody Alley,28211 Mandrake Hill,4769025619
Ive,Toffolini,itoffolini2h@home.pl,,1978-08-16,44698 Sunfield Trail,34606 Susan Court,48 Mayfield Terrace,4414242520
L;urette,Looby,llooby2i@who.int,Agender,1989-04-14,08 Pearson Terrace,728 Logan Junction,0927 Morning Park,8849055607
Tad,Cleevely,tcleevely2j@reference.com,Polygender,2008-09-15,33 Hanover Junction,3 Nova Court,21475 Dryden Park,
Hayward,Shanks,hshanks2k@goo.ne.jp,Genderqueer,2000-04-05,03586 Mccormick Park,295 Tony Hill,96416 Tomscot Parkway,9766262652
Vito,Henker,vhenker2l@smugmug.com,Female,2007-02-09,45462 Donald Avenue,353 Columbus Plaza,89 Anzinger Drive,7245485665
Glyn,Oakenfield,goakenfield2m@google.co.uk,Polygender,1979-06-14,51796 Johnson Pass,2626 Eliot Point,5596 Forest Dale Pass,2023694194
Erika,Grayne,egrayne2n@fc2.com,Polygender,2021-01-30,7024 Waywood Place,6347 Basil Hill,8 Schurz Junction,6126640178
Rollin,Nursey,,Genderfluid,2005-01-01,46 John Wall Pass,66 Leroy Court,9483 Twin Pines Street,2815440833
Arney,Diem,adiem2p@reddit.com,,1994-08-15,443 Dahle Alley,4404 Portage Avenue,,3339037967
Amos,Winnister,awinnister2q@weibo.com,Bigender,1991-01-21,9 Hanover Junction,062 Lakeland Street,8444 Vernon Hill,4668727804
Elaine,Gleadhell,egleadhell2r@feedburner.com,Polygender,1979-09-27,83581 Garrison Point,61 Holy Cross Plaza,6 Northwestern Lane,3162692929
Alaric,Runham,arunham2s@usgs.gov,Non-binary,1996-07-02,1 Meadow Valley Road,237 Mallard Plaza,96 Lakewood Gardens Alley,1628034249
Akim,Waggatt,awaggatt2t@yelp.com,Bigender,2014-08-22,0687 Dovetail Park,801 Prentice Road,65584 Donald Lane,8939747604
Mozelle,Kensley,mkensley2u@tmall.com,Male,2005-07-24,9 Blaine Circle,137 Debra Parkway,3 Independence Pass,6591804592
Dorie,Alwell,dalwell2v@icq.com,,2000-07-26,71 Haas Center,175 Crest Line Way,76461 Lunder Hill,3955436037
Paul,Eyles,peyles2w@house.gov,Male,1973-05-31,1 Division Place,89 Golden Leaf Road,0365 Fallview Center,7827634075
Cosetta,Rammell,crammell2x@nsw.gov.au,Female,2000-05-02,890 Manitowish Trail,4 1st Park,4232 Longview Drive,1933706000
Alexis,Edington,aedington2y@google.com.au,Female,1999-10-06,95 Surrey Center,3797 Nancy Circle,926 Delladonna Road,5744548517
Kiley,Prahl,kprahl2z@github.io,Polygender,1992-01-16,5 Golf Course Terrace,8 Maryland Lane,0 Vermont Terrace,
Tiffi,Ahearne,tahearne30@webmd.com,Genderqueer,1989-03-09,50 Surrey Way,1 Marcy Lane,943 Pepper Wood Circle,3772670378
Bell,Beig,bbeig31@miibeian.gov.cn,Genderfluid,2006-11-02,73 Killdeer Circle,5002 Sutherland Junction,40104 West Trail,7206682742
Buffy,Townend,btownend32@macromedia.com,Non-binary,2001-09-16,2 Caliangt Pass,196 Stang Road,1 Grover Pass,4409900753
Jayne,Bartrum,jbartrum33@statcounter.com,Female,1998-08-21,2347 Namekagon Parkway,891 Warbler Point,37 Lotheville Crossing,1875079269
Adolpho,Procter,aprocter34@ucoz.ru,Female,1989-09-27,5972 Erie Alley,3098 Marcy Way,38 Ryan Terrace,8599842369
Bjorn,Wharmby,bwharmby35@google.co.uk,Agender,1981-07-17,,87 Haas Point,43 Ridgeview Park,4542691680
Lynn,Cornilleau,,Bigender,2019-08-16,56574 Weeping Birch Court,1 Autumn Leaf Crossing,96217 Fordem Parkway,2729030812
Sauveur,Gildersleeve,sgildersleeve37@purevolume.com,Genderqueer,2003-01-30,65 Coleman Circle,1100 Haas Avenue,193 Division Alley,8943106709
Terza,Audry,taudry38@senate.gov,Non-binary,,70 Main Plaza,39452 Cambridge Parkway,46 Monument Junction,2091632225
Suzanne,Bennedick,sbennedick39@delicious.com,Male,,6 Valley Edge Way,3 Carberry Way,69084 Springs Plaza,7915013070
Tommie,Stalley,tstalley3a@mlb.com,Bigender,1986-08-01,010 Kipling Park,52095 Lerdahl Circle,8709 Maryland Parkway,2487535423
Leandra,Mapother,lmapother3b@yandex.ru,Female,2018-08-23,5226 Surrey Point,14 Welch Way,142 Butternut Crossing,5647896210
Ogden,Rosenfelt,orosenfelt3c@gnu.org,Female,2011-01-24,823 Forest Run Alley,268 Dixon Point,14626 Moland Point,
Skip,Splevins,ssplevins3d@yolasite.com,Genderfluid,1994-12-16,431 Nevada Avenue,38643 Chive Terrace,62 Southridge Point,7524900418
Josepha,Cardwell,jcardwell3e@bloomberg.com,Male,2003-11-26,4 Spaight Circle,695 Nancy Parkway,7 Golf Circle,8934877926
Sofie,Bendare,sbendare3f@mit.edu,Genderfluid,1972-03-20,2 Kropf Terrace,518 Goodland Plaza,3271 4th Road,5891266219
Jason,Zamora,jzamora3g@youku.com,Male,1973-05-22,,25 Crownhardt Parkway,825 Union Trail,8199994282
Tina,Fairebrother,tfairebrother3h@ustream.tv,,1970-10-25,045 Dexter Avenue,8 Messerschmidt Lane,99425 Messerschmidt Park,1336177077
Julie,Sizeland,jsizeland3i@cyberchimps.com,Bigender,2012-09-15,47 Elgar Point,80902 Tony Hill,5 Nelson Road,7901474652
Norina,Haberfield,nhaberfield3j@ifeng.com,Male,2004-04-04,587 Kinsman Road,28 Forest Run Park,7 6th Lane,
Hurley,Lanston,,Female,1978-03-12,397 Melrose Hill,25 Charing Cross Crossing,643 8th Center,8036452559
Bertina,Brafield,bbrafield3l@dyndns.org,Non-binary,1971-05-18,81 Ronald Regan Drive,8270 Eliot Road,9893 Pawling Hill,6734260042
Cosmo,Sowley,csowley3m@thetimes.co.uk,Female,1997-11-19,97 Knutson Plaza,22335 3rd Place,57999 Mosinee Lane,
Molly,Caldwell,mcaldwell3n@drupal.org,Polygender,2000-09-02,,905 Bartillon Street,04400 Blaine Crossing,5563938428
Dusty,McInnes,dmcinnes3o@foxnews.com,Female,1977-10-07,1516 Fallview Drive,6 Cambridge Drive,93 Becker Junction,9216264588
Ramsey,Vigus,rvigus3p@nsw.gov.au,Bigender,,2472 Basil Terrace,33988 Nevada Point,2334 Redwing Pass,6656091086
Shanon,Steele,ssteele3q@boston.com,Genderfluid,2008-11-24,39 Fairview Drive,89 High Crossing Park,4 Sherman Trail,7708942823
Karin,,kpawfoot3r@i2i.jp,Non-binary,,67099 Hanover Pass,56448 Corry Terrace,6 Debs Drive,4078685243
Seumas,Kuban,skuban3s@printfriendly.com,Non-binary,1972-03-01,9 Morningstar Circle,3 Mitchell Parkway,8 Pennsylvania Circle,5531415468
Belvia,Dennington,bdennington3t@typepad.com,Non-binary,2012-03-26,833 Sheridan Avenue,8975 Steensland Junction,1 Farwell Trail,1962038188
Alexi,Mervyn,amervyn3u@hao123.com,Non-binary,2017-11-06,7023 Sugar Trail,,6 Weeping Birch Way,5592131286
Ervin,Podd,epodd3v@about.com,Male,2016-06-15,2 Anniversary Point,1084 Crest Line Circle,92682 Utah Drive,6816942984
Jamil,Smerdon,jsmerdon3w@vinaora.com,Genderfluid,1985-08-06,53 Pepper Wood Park,9 Dawn Trail,919 Raven Trail,6132274296
Jelene,Balcombe,jbalcombe3x@google.it,Genderfluid,1985-04-29,6 Rowland Parkway,34 Springs Alley,300 Butterfield Crossing,
Keefe,Morrott,kmorrott3y@symantec.com,Genderqueer,2000-08-14,8 Maryland Court,239 Monica Park,934 Swallow Road,1419759933
Yorker,Parades,yparades3z@seesaa.net,Agender,1992-04-25,77 Center Plaza,53752 Swallow Place,92 Pepper Wood Crossing,5321397379
Beth,Penella,bpenella40@wikia.com,Genderfluid,1991-05-04,67 Scoville Junction,,08 Sullivan Crossing,2652903875
Jamie,Thies,jthies41@springer.com,Genderqueer,2001-09-16,2 Straubel Center,292 La Follette Way,208 Orin Trail,
Adrien,Strickett,astrickett42@blogs.com,Polygender,2016-07-20,02104 Barby Plaza,,3886 Moland Junction,7961058069
Dagny,Windaybank,dwindaybank43@google.com.br,Female,1981-08-19,5 Pierstorff Court,08 Warner Court,5 Mifflin Court,4606108941
Davide,Muddicliffe,dmuddicliffe44@usa.gov,Bigender,,2 Monterey Place,013 Monument Place,474 High Crossing Way,2744849818
Jessalin,Edmed,jedmed45@pbs.org,Genderqueer,1984-05-31,5 Marquette Avenue,1 Vera Terrace,35 Carberry Park,7798428215
Ryun,Clogg,rclogg46@cornell.edu,Non-binary,1976-10-04,6055 Green Ridge Plaza,,643 Union Alley,7289385136
Maura,Ismirnioglou,mismirnioglou47@clickbank.net,Female,1974-07-09,,,722 Hanover Alley,7989896045
Valentine,Moehler,vmoehler48@ovh.net,Polygender,1996-04-10,4 Debs Park,,57234 Raven Drive,9449809824
Gilli,Lumly,glumly49@addthis.com,Genderfluid,1999-10-10,87407 Artisan Road,692 Grasskamp Way,0507 Moulton Street,
Irena,Williams,,Agender,1984-12-29,0 Magdeline Junction,84144 Garrison Alley,286 Mallard Avenue,3128484039
Lorelei,Torresi,ltorresi4b@europa.eu,Polygender,2017-07-13,427 Vahlen Park,0 Texas Plaza,10 Loomis Park,3944860604
Chas,Tadgell,ctadgell4c@ted.com,Non-binary,1998-03-04,7811 Buell Court,8 Coolidge Park,4 Summit Alley,4463213718
Kial,Salvage,ksalvage4d@who.int,Bigender,1980-11-23,09 Little Fleur Road,70590 Mallard Alley,1053 Sachs Plaza,6953726116
Stephannie,,shincks4e@diigo.com,Male,1990-11-17,9786 Dwight Place,45413 Schlimgen Lane,1369 Nelson Crossing,4952873432
Libbi,Titchmarsh,ltitchmarsh4f@hibu.com,Non-binary,2017-04-30,819 Loeprich Junction,698 Miller Place,37123 Barnett Way,
Kiel,McKibben,kmckibben4g@tripadvisor.com,Non-binary,2002-12-17,9 Prairieview Plaza,16743 Kim Center,70457 Hermina Center,9551289365
Cinnamon,Confait,cconfait4h@youtu.be,Female,2009-04-05,02 Maryland Street,566 Atwood Circle,448 Anthes Avenue,
Codi,Kopisch,ckopisch4i@example.com,Female,1981-07-24,53637 Elmside Alley,839 Linden Crossing,238 Oakridge Drive,
Sarge,Jewks,sjewks4j@intel.com,Non-binary,1978-10-02,441 Transport Way,5 Becker Drive,5 Loftsgordon Trail,8217790199
Bebe,O'Kelly,bokelly4k@microsoft.com,Bigender,1981-01-28,,62 Beilfuss Street,7 Fair Oaks Drive,7206950553
Akim,Lere,alere4l@tamu.edu,Genderfluid,1991-10-13,7718 Express Road,52042 Prairieview Pass,52189 Jenna Avenue,1592831223
Valli,Cartmale,vcartmale4m@salon.com,Genderfluid,1978-01-18,53496 Hooker Avenue,083 Claremont Street,73 Waubesa Parkway,2354394027
Vevay,Chazerand,vchazerand4n@census.gov,Genderfluid,1987-12-11,9 Porter Street,4 Bunker Hill Plaza,1 High Crossing Hill,8758886904
Lynette,,ldyter4o@livejournal.com,,1974-10-15,3 Warbler Court,4345 Saint Paul Circle,96 American Ash Pass,
Bell,Craven,bcraven4p@bigcartel.com,Male,2018-03-05,6 Muir Court,762 Clyde Gallagher Circle,1 Express Drive,1553066275
Artemis,,abrandi4q@toplist.cz,Agender,2013-05-06,611 Lotheville Pass,05 Burning Wood Junction,1623 Elka Road,2292272208
Neile,Minichillo,nminichillo4r@1und1.de,Agender,1989-03-07,3 Emmet Point,4050 Truax Drive,65 Ludington Terrace,3524603984
Gelya,Harg,gharg4s@msn.com,Bigender,1971-08-21,2 West Center,99232 Duke Circle,54 Forest Dale Hill,7712742463
Jeth,,jvassie4t@homestead.com,Polygender,2020-07-28,3 Stoughton Trail,510 Fair Oaks Junction,89273 Rigney Parkway,4817903077
Jared,Neilson,,Genderfluid,2006-10-07,861 La Follette Place,78710 Monterey Point,28334 Blue Bill Park Drive,
Blinny,Jewitt,bjewitt4v@php.net,Polygender,1981-07-03,1292 Arizona Drive,81 Talisman Drive,08688 Thierer Pass,4883313136
Hamnet,Masi,hmasi4w@bing.com,Bigender,2007-06-18,652 Stone Corner Junction,19732 Sullivan Plaza,0748 Amoth Lane,1029994102
Clyve,Rames,crames4x@cbslocal.com,Polygender,2006-06-27,19 Dottie Road,09 Trailsway Circle,977 Di Loreto Pass,9959743442
Torrie,Whitehouse,twhitehouse4y@thetimes.co.uk,Bigender,1986-11-26,9006 Cascade Terrace,188 Chinook Hill,9629 Grim Alley,
Alys,Masterton,amasterton4z@ox.ac.uk,Polygender,2018-10-25,,78300 Golf Course Parkway,6 Village Way,2624279324
Dulcine,Vanichkov,dvanichkov50@newsvine.com,Non-binary,1971-08-11,205 Myrtle Way,090 Dahle Alley,7222 Roxbury Street,4633353403
Gunter,Haylands,ghaylands51@techcrunch.com,Female,1989-04-02,95 Karstens Hill,103 Namekagon Crossing,3 South Place,1011428651
Lamond,Lambertazzi,llambertazzi52@amazon.co.uk,Male,2004-12-09,13 Sheridan Park,62668 Farragut Court,559 Colorado Circle,7059135561
Jocko,McCoy,jmccoy53@cam.ac.uk,Female,1973-04-24,7 Morning Avenue,16863 Boyd Pass,36630 Pankratz Center,
Pamelina,Ceschelli,pceschelli54@timesonline.co.uk,Non-binary,2009-01-02,2133 Starling Court,8652 Holy Cross Center,077 Forest Plaza,
Jane,Faussett,jfaussett55@ning.com,Genderfluid,1982-07-11,7 Esker Parkway,79 Katie Lane,1 Lawn Lane,4839021582
Emanuel,Johananoff,ejohananoff56@chron.com,,2007-07-14,59 Aberg Avenue,96814 Pearson Park,1569 Milwaukee Avenue,8178982532
Gabi,Block,gblock57@harvard.edu,Agender,2018-09-15,7 Petterle Point,18356 Mifflin Court,15238 Mallory Hill,1498489578
Haily,Strete,,Male,1981-03-18,90297 Hagan Crossing,89669 Parkside Court,,9479692136
Jennica,Jonczyk,jjonczyk59@macromedia.com,Polygender,1998-09-15,01 Leroy Plaza,,633 6th Circle,7256941752
Mufi,La Vigne,mlavigne5a@blogspot.com,Bigender,2006-08-05,70 Blaine Lane,44619 Hanover Court,40 Packers Avenue,5335427956
Graham,Hebblethwaite,ghebblethwaite5b@shop-pro.jp,Female,1973-12-26,92 Mayer Way,655 Ludington Avenue,052 Center Drive,1817436558
Belia,Cranmore,bcranmore5c@etsy.com,,2016-11-05,090 Washington Lane,88868 Kedzie Alley,6 Sachs Avenue,5241772989
Saloma,Haddock,shaddock5d@hp.com,Genderqueer,2001-03-19,982 5th Avenue,633 Cordelia Lane,44274 Menomonie Park,2011332000
Kirstin,Jenney,kjenney5e@mozilla.com,Male,,883 Rutledge Avenue,7 Twin Pines Road,3928 Killdeer Place,
Lock,Kissock,lkissock5f@mashable.com,,1999-05-31,054 Clove Center,5 Di Loreto Trail,01735 Hudson Point,
Glynis,Gubbin,,Male,1997-11-16,47 Acker Trail,7631 Graedel Street,12 Nobel Center,2141469897
Pincas,Petracchi,ppetracchi5h@about.me,Genderfluid,1989-04-20,40358 Mallory Park,71 Glendale Court,7747 Haas Plaza,5143841121
Crichton,Emma,cemma5i@slideshare.net,Genderqueer,1999-05-09,7 Myrtle Hill,0954 Eagle Crest Plaza,8422 Katie Center,4035448799
Tris,Cage,tcage5j@ustream.tv,,1992-01-08,1 Clove Terrace,701 Norway Maple Place,00888 Sundown Place,9029608409
Prudi,Britten,pbritten5k@oaic.gov.au,Male,1981-09-07,135 Golden Leaf Drive,1558 Anniversary Junction,32901 Kingsford Pass,2763998789
Greta,Haslum,,Bigender,2012-03-05,,52102 Buena Vista Alley,651 Westridge Trail,
Shanan,Calderon,scalderon5m@paypal.com,Agender,2006-10-29,76 Harbort Parkway,73157 Hagan Crossing,7997 Haas Lane,2501480751
Porty,Vogele,pvogele5n@smugmug.com,,2008-05-28,18308 Pine View Park,14 Ridge Oak Plaza,12893 Havey Pass,4222125395
Annadiana,,aulyat5o@admin.ch,Non-binary,2015-06-30,44447 Westerfield Terrace,75261 Sheridan Place,4 Alpine Crossing,2669125419
Hedvige,Kilmurry,hkilmurry5p@amazon.co.jp,Bigender,2015-08-14,0807 Onsgard Plaza,750 Butternut Circle,901 Mallory Way,5816329833
Robena,Frackiewicz,,Non-binary,1995-10-09,86429 New Castle Trail,1794 Kedzie Road,96 Lindbergh Center,6455879439
Guntar,Brideoke,gbrideoke5r@drupal.org,Genderqueer,2005-09-09,2 Cordelia Plaza,233 Clemons Lane,7 Farragut Circle,3423100263
Salvidor,Twell,stwell5s@discovery.com,Male,1995-02-04,818 Lakewood Lane,3002 Delladonna Point,57501 Fuller Way,4487213509
Rosanna,Mangon,rmangon5t@altervista.org,Genderqueer,1996-08-16,3 Tennyson Park,46295 Hintze Parkway,7 Lukken Drive,4245589574
Sallyann,,,,1981-12-01,41979 Rusk Circle,5727 Shasta Point,9872 Ruskin Center,8283797005
Stevana,Downton,sdownton5v@tinypic.com,Female,1993-07-14,10679 Oriole Court,7993 Schlimgen Alley,83 Fulton Court,5734077326
Michele,Prettyjohn,mprettyjohn5w@ed.gov,Male,2005-07-24,02 Tony Avenue,06385 Village Green Road,389 Lindbergh Avenue,8684555167
Hadria,Moorhouse,hmoorhouse5x@trellian.com,,2011-11-18,6318 Ramsey Parkway,7626 Harbort Lane,3454 Badeau Crossing,
Jillana,Corrett,jcorrett5y@chron.com,,1989-03-04,7 Monica Court,07629 Eagan Plaza,3877 Badeau Drive,1637863512
Yancey,Lusher,ylusher5z@cyberchimps.com,Polygender,,54587 Crownhardt Drive,,0 Oakridge Avenue,6993861197
Renaud,Elsop,relsop60@bbc.co.uk,Genderqueer,2012-02-06,03469 5th Hill,167 Hanson Circle,3608 Darwin Center,7928140570
Cammi,,cbreznovic61@statcounter.com,Female,2000-02-13,8435 Anthes Point,0 Schlimgen Parkway,14 Harbort Avenue,8817878805
Paulette,Rembrant,prembrant62@netvibes.com,Non-binary,1985-03-20,1 Farwell Point,22791 Barby Street,5399 Golf Center,8901552987
Herminia,Puzey,hpuzey63@a8.net,Genderqueer,1970-11-25,41228 Ridgeview Parkway,7 Moose Center,343 Starling Pass,
Sarine,Volkes,svolkes64@xinhuanet.com,Female,1986-08-18,8 Northport Hill,10 Jackson Plaza,8 Clove Circle,2067763675
Ellynn,Keattch,ekeattch65@behance.net,Female,1982-07-17,897 Sheridan Plaza,96991 Becker Parkway,6 Alpine Place,1441082491
Moore,Goulder,mgoulder66@topsy.com,Bigender,1989-06-23,8 Elka Park,230 Spenser Court,8 Eagan Street,
Shayne,Curnok,scurnok67@desdev.cn,Female,1996-09-30,0 Forest Dale Lane,57 Melby Crossing,90324 Dennis Alley,
Louisette,Bowie,,Non-binary,1975-05-24,558 Hudson Way,66 Graedel Pass,92 Debs Park,7065751736
Nye,Tabord,ntabord69@t.co,Genderfluid,1996-08-29,129 Spohn Park,9542 Blaine Parkway,57372 Schmedeman Road,4132410103
Jeni,Thorsen,,Bigender,1979-10-29,68544 Melvin Alley,,1 Towne Pass,4486884647
Stephannie,,sfilchagin6b@jiathis.com,Bigender,1971-05-24,92 Sommers Place,41 Lindbergh Avenue,7 Fallview Place,
Adrian,Gasnoll,agasnoll6c@nytimes.com,Polygender,1979-09-01,39 Montana Plaza,67788 Fieldstone Plaza,00 North Parkway,8651294040
Morissa,Heinreich,mheinreich6d@toplist.cz,Non-binary,2008-08-16,8711 Milwaukee Alley,30756 Grover Way,9 Cardinal Hill,8902249196
Fields,Castelin,fcastelin6e@csmonitor.com,Male,,3816 Forest Street,91961 Ruskin Plaza,834 Johnson Center,1074923457
Webster,Monk,wmonk6f@cnn.com,Female,1986-07-26,5 Sunnyside Alley,7115 Talisman Road,,5304163882
Inge,Mattacks,imattacks6g@unicef.org,Bigender,,29012 Sugar Court,0 Del Mar Hill,8365 Magdeline Terrace,1022443225
Billi,Seeks,bseeks6h@bloglines.com,Agender,1986-07-31,599 Harper Terrace,3 Melrose Point,23 Forest Street,3885281702
Marlie,Strase,,Female,2003-06-28,38673 Cambridge Terrace,12 Lakewood Gardens Crossing,42 Tony Park,9952142465
Eula,Rushe,erushe6j@tinypic.com,,1973-03-13,379 Warner Street,9225 Gerald Place,35861 Melody Crossing,7953926842
Collin,Bowery,cbowery6k@bluehost.com,Genderqueer,1991-04-08,03 Larry Alley,88 Knutson Trail,67 Mcguire Street,2684088017
Frannie,Le Strange,flestrange6l@columbia.edu,Non-binary,2006-08-26,0163 Springview Drive,107 Veith Junction,0 Northview Way,3036864417
Dinah,Allington,dallington6m@cdc.gov,Polygender,2005-06-26,012 Eagle Crest Pass,6389 Rowland Hill,3 Artisan Lane,1453962304
Amitie,Dewdney,adewdney6n@php.net,Non-binary,1976-11-01,07 Lawn Alley,590 Dapin Avenue,50 Hanover Park,4793807983
Rodney,Hooke,rhooke6o@instagram.com,Male,2014-03-27,73743 Paget Pass,62 Fallview Crossing,2622 Anniversary Junction,
Claudianus,Frantzen,cfrantzen6p@jigsy.com,Non-binary,2004-03-13,842 Hauk Pass,26 Alpine Court,622 Kingsford Hill,1678022759
Skippy,Heitz,sheitz6q@mashable.com,Male,2013-07-02,8368 Clove Plaza,81 Northview Alley,18 Vernon Terrace,1364827174
Eduardo,Winborn,ewinborn6r@simplemachines.org,Genderqueer,2018-03-31,621 Johnson Circle,1 Redwing Drive,01519 Summit Alley,
Ethan,Gregson,egregson6s@ft.com,Agender,2011-05-08,2551 Park Meadow Drive,582 Anzinger Lane,9 Veith Avenue,3483825465
Zebulon,Orrick,zorrick6t@spiegel.de,Non-binary,1990-01-26,5 Drewry Drive,0 Northfield Center,9 Parkside Trail,
Yuma,Proudman,yproudman6u@businesswire.com,Genderfluid,2017-09-11,65902 Raven Road,9289 Red Cloud Park,8655 Luster Drive,4852339527
Nissy,Ible,nible6v@tamu.edu,Bigender,2019-06-27,,0 Jana Lane,4749 Hanson Crossing,5428047206
Cyril,Pescud,,Polygender,,073 Rigney Drive,422 Waxwing Terrace,4 Upham Plaza,7429612422
Rosabelle,Danielovitch,rdanielovitch6x@parallels.com,Male,1973-11-03,8 Clyde Gallagher Pass,1 Arizona Center,3590 Kingsford Hill,6141602018
Kristian,Crosse,kcrosse6y@archive.org,Bigender,,085 Blue Bill Park Parkway,61880 Esker Park,66 Kings Court,9958863634
Tuesday,Fawltey,tfawltey6z@va.gov,Genderqueer,2020-05-24,03 8th Drive,0699 Helena Way,07623 Moland Parkway,3209153794
Karil,Timlett,ktimlett70@eepurl.com,Genderqueer,2010-02-18,707 Northridge Plaza,76547 Stang Court,27914 Utah Pass,4511617955
Nicoline,Garlett,ngarlett71@mlb.com,Genderfluid,1983-07-02,6 Monument Parkway,2 Dixon Hill,75973 Lakeland Plaza,7978515000
Manya,Cescot,mcescot72@princeton.edu,Male,1990-07-07,119 Miller Road,0112 Sundown Street,83 Buhler Junction,8399209817
Sig,Tickel,stickel73@ebay.co.uk,Genderfluid,1995-09-14,9 Johnson Plaza,97 Dapin Park,228 Commercial Park,4755007033
Oswald,Overshott,,Genderfluid,1999-02-25,586 Delladonna Drive,94 Farwell Alley,97161 Village Terrace,
Kale,Aysik,kaysik75@yale.edu,Agender,1989-11-21,77750 Loftsgordon Street,9343 Kenwood Parkway,14461 Darwin Lane,
Conant,,cbengal76@naver.com,Female,1982-09-29,,0696 Farragut Park,502 Stone Corner Parkway,6352814620
Vita,Romanetti,vromanetti77@craigslist.org,Bigender,1996-12-22,,,0891 Express Lane,7057937751
Izaak,McKechnie,imckechnie78@columbia.edu,Bigender,,0324 Crowley Pass,72163 Village Alley,17187 Canary Pass,
Ermina,Harbidge,eharbidge79@walmart.com,Non-binary,,369 Waxwing Terrace,1 Columbus Park,987 Jana Place,9355672297
Winnie,Degg,wdegg7a@webmd.com,,2012-02-14,6 Meadow Ridge Avenue,1660 Hollow Ridge Plaza,3 Scofield Street,1221494482
Lillian,Noades,lnoades7b@hibu.com,Female,1997-10-24,04 Lawn Center,1630 Corscot Street,20752 Logan Lane,2151207853
Ferd,Hulk,fhulk7c@cisco.com,,1990-02-22,0164 Meadow Ridge Terrace,2 Springview Drive,64047 Mallard Plaza,9316430611
Bobbye,Beavis,,Bigender,,62 Prairie Rose Lane,826 Comanche Trail,156 Petterle Lane,6795157274
Emerson,Braiden,ebraiden7e@netlog.com,Genderqueer,2006-08-01,34994 Jenna Street,03 Haas Avenue,06137 Anderson Hill,1313189026
Amity,Allone,aallone7f@ovh.net,Male,1979-03-04,8975 Ohio Terrace,0892 Fairfield Point,5549 North Street,7715934495
Eleanora,Rookledge,erookledge7g@studiopress.com,,2014-01-06,007 Nova Hill,9974 Mayer Parkway,8 Marquette Lane,4119871376
Percival,Stairmond,pstairmond7h@prweb.com,Male,2012-11-08,12 Swallow Avenue,6198 Memorial Park,19699 Pearson Junction,2038270211
Ninette,Ritchings,nritchings7i@washington.edu,Female,1978-12-10,12172 Cascade Park,105 Helena Court,468 Karstens Center,9899081142
Herrick,Feares,hfeares7j@google.ru,Bigender,1997-12-23,379 Lindbergh Street,9 Independence Crossing,25 Cambridge Crossing,
Mellicent,Seaman,mseaman7k@marriott.com,Polygender,1970-10-03,867 Union Point,8 Saint Paul Plaza,8675 International Crossing,7482799487
Frannie,Kiossel,fkiossel7l@icio.us,Agender,1981-11-27,5023 Muir Center,4 Birchwood Avenue,6849 Farwell Avenue,4518956323
Curtis,Grizard,cgrizard7m@mayoclinic.com,,2020-08-06,95050 Farmco Circle,002 Scofield Way,34 Green Ridge Center,5131192477
Shae,Danilowicz,,Bigender,2009-11-01,7 Johnson Drive,747 Meadow Ridge Parkway,45 Clarendon Court,3739813790
Kaia,Leber,kleber7o@behance.net,Bigender,2018-01-03,0921 Warner Park,46342 Shelley Road,0 6th Point,5309391336
Saul,Ginsie,sginsie7p@facebook.com,Polygender,1987-10-10,1 Mosinee Crossing,242 Lyons Terrace,16 Mallory Lane,7381132420
Viv,Bilam,vbilam7q@soup.io,Non-binary,2014-06-24,,91810 Hansons Circle,227 Cordelia Crossing,6139901136
Tomasina,O'Shesnan,toshesnan7r@tripadvisor.com,Female,2013-09-18,4 Maple Wood Avenue,2 East Place,91365 Del Mar Drive,3279006081
Teodoro,Clemmett,tclemmett7s@over-blog.com,Agender,1992-06-24,119 Acker Hill,577 Stang Pass,98 Gateway Street,3968143205
Aurlie,Reyson,areyson7t@prweb.com,Genderfluid,1975-03-13,03531 Gerald Avenue,1541 Mandrake Street,62029 Thackeray Hill,7211917479
Paddy,Bumphries,pbumphries7u@deviantart.com,Male,2002-02-16,7 Tennyson Pass,6678 Golf Course Pass,12 Forest Dale Center,3729548385
Valry,Skillings,vskillings7v@naver.com,Non-binary,,21 Mcbride Trail,90 Hanson Way,5 Forest Run Junction,7979883175
Gilda,Grahlmans,ggrahlmans7w@printfriendly.com,Female,2011-02-11,195 Hauk Center,89606 Butterfield Point,,4689268705
Antone,Gepheart,agepheart7x@tripod.com,Genderqueer,2003-05-04,5454 Swallow Place,43895 Anhalt Park,,
Duffie,Tuttle,dtuttle7y@devhub.com,Bigender,2012-08-04,06 Magdeline Place,33877 Ohio Center,49 Southridge Park,3539464137
Emmery,MacCallam,emaccallam7z@addtoany.com,Female,2002-09-21,2 Melrose Junction,782 Kensington Circle,38 Ramsey Crossing,2601410422
Abran,Smullin,asmullin80@auda.org.au,Polygender,1974-07-12,78358 Forest Run Park,8623 Katie Pass,45182 Pepper Wood Hill,
Stanford,Whitta,swhitta81@drupal.org,,1989-01-31,4 Calypso Lane,,,5944632725
Mace,Money,,Male,1982-11-27,03747 Rigney Drive,9638 Brickson Park Trail,18 Grover Parkway,2238254903
Alika,Meadowcroft,ameadowcroft83@imgur.com,Bigender,1974-06-23,159 Vermont Drive,6 Raven Lane,783 Vermont Circle,7644163706
Georgianne,Cambling,gcambling84@shinystat.com,Bigender,,,3259 Bunting Crossing,89711 Warbler Plaza,9075914304
Pate,Hargess,phargess85@4shared.com,,2020-07-08,47715 Talmadge Lane,998 Kim Place,8683 Montana Crossing,8745274891
Sherri,Colpus,scolpus86@senate.gov,Polygender,1983-12-07,6798 Parkside Street,28581 Clove Place,2 Acker Avenue,1919690473
Anton,Almon,aalmon87@ow.ly,Bigender,2011-01-14,804 Burning Wood Road,34 Thierer Hill,73 Southridge Avenue,
Clim,Fursey,cfursey88@abc.net.au,Agender,1978-02-17,67 Katie Drive,5035 Upham Park,4 New Castle Crossing,9283401130
Pepillo,Durrell,pdurrell89@so-net.ne.jp,Genderfluid,1995-03-01,,6720 Oakridge Circle,15936 Declaration Crossing,9067450716
Tobias,Cayet,tcayet8a@cyberchimps.com,Agender,1986-11-29,3867 Center Hill,779 Manufacturers Center,77 Butterfield Alley,1526874527
Ted,Cairney,,Agender,1993-11-06,,,79262 5th Avenue,
Dorie,,dpetrollo8c@spiegel.de,Genderqueer,,,837 Carpenter Plaza,90 Fair Oaks Court,3521502923
Orville,Hobson,ohobson8d@51.la,Genderqueer,2006-03-25,7340 Pine View Circle,9 Bellgrove Crossing,90 Rowland Court,6948730961
Nicholle,,nrihosek8e@ning.com,Polygender,1999-12-27,7158 Chinook Drive,893 Hoffman Center,979 Thackeray Parkway,5029661590
Agata,Riccelli,ariccelli8f@hhs.gov,Genderfluid,1975-09-08,7873 Roth Alley,67 Hollow Ridge Lane,94 Schurz Parkway,2695525021
Had,Duval,hduval8g@apple.com,,,3 Packers Parkway,6 Esker Pass,66 Cardinal Court,5126386816
Marten,Villaret,mvillaret8h@hao123.com,Male,2009-10-02,93 Clyde Gallagher Drive,8 Dwight Way,85267 Maryland Terrace,6282965020
Charmain,Dingwall,cdingwall8i@forbes.com,,2007-05-03,2 Toban Trail,,547 Northview Point,5497456956
Kylynn,Diloway,kdiloway8j@nbcnews.com,,2014-06-11,753 Lien Hill,163 Erie Lane,3720 Vermont Hill,2349563410
Caresa,Jeannon,cjeannon8k@cbc.ca,Bigender,2011-06-13,727 Straubel Alley,2592 South Terrace,4951 Elmside Road,9457334623
Edithe,Uglow,euglow8l@nps.gov,,2017-03-27,241 Texas Crossing,8512 La Follette Junction,5 Florence Terrace,8045060231
Rickie,Perulli,rperulli8m@joomla.org,Agender,1994-10-12,4 Badeau Street,,9946 Spenser Place,
Hogan,MacMillan,hmacmillan8n@biglobe.ne.jp,Bigender,2011-01-16,10823 Charing Cross Hill,795 Prairie Rose Drive,02630 Stuart Place,4896174687
Natasha,Dafydd,ndafydd8o@opensource.org,Genderfluid,2020-01-11,078 Utah Place,16758 Oriole Junction,1 Bashford Park,7263846854
Bernard,Haug,,Genderqueer,1994-04-03,7086 Manufacturers Circle,183 Lake View Drive,01143 Northland Place,3739758843
Felicia,Kinkade,fkinkade8q@fc2.com,Bigender,2014-09-07,8249 Everett Crossing,2518 Birchwood Plaza,5257 Village Green Point,7244676868
Rosita,Grahl,rgrahl8r@illinois.edu,,1972-08-15,17 Marcy Place,7 Old Shore Junction,24118 Fisk Pass,5567042687
Cullan,Philbrook,cphilbrook8s@microsoft.com,Genderfluid,,7563 Vera Court,12194 Schlimgen Street,4 Anthes Park,7546650171
Waylen,Petrozzi,wpetrozzi8t@usda.gov,Genderfluid,,93164 Warrior Trail,4 Toban Point,659 Sutteridge Lane,4978873701
Artus,Finlaison,afinlaison8u@virginia.edu,Female,1985-10-16,63083 Marcy Hill,0 Reinke Court,8397 Tomscot Parkway,7588694606
Addy,Colmore,acolmore8v@soundcloud.com,Bigender,2004-12-06,9422 Gina Street,4 Londonderry Road,1 Shopko Center,8049817984
Ollie,Ervine,oervine8w@amazon.de,Agender,,48706 Sauthoff Street,003 Macpherson Lane,7432 Garrison Drive,9537763958
Ricky,,rbatson8x@webeden.co.uk,Agender,2002-09-02,7293 5th Park,42417 Kinsman Way,7868 Milwaukee Terrace,9884232724
Susanna,Milton,smilton8y@independent.co.uk,Bigender,2004-04-15,5831 Mccormick Point,420 Ridgeview Terrace,04315 Victoria Street,
Corbet,Escofier,cescofier8z@phpbb.com,Non-binary,,,7309 Dakota Way,6200 Derek Place,5872637596
Giralda,Morican,gmorican90@irs.gov,Genderfluid,2003-11-21,34552 Spohn Pass,0774 Eagle Crest Place,939 Linden Trail,
Daniela,Lazer,dlazer91@home.pl,Female,1987-02-24,559 Ridgeview Park,67 Tennyson Court,1861 Steensland Road,5129452151
Elton,Ashwin,eashwin92@va.gov,Agender,1975-10-16,60 1st Junction,62795 Morning Street,940 Sutherland Trail,6111383372
Phyllys,Gardener,pgardener93@addtoany.com,Female,2016-04-29,7791 Dexter Trail,92384 Continental Pass,69814 Rieder Drive,5923068502
Betty,Pace,bpace94@miibeian.gov.cn,Polygender,2015-11-15,1 Shopko Alley,93078 Golden Leaf Point,08785 Golf Trail,9117082915
Emera,Cuttings,ecuttings95@yandex.ru,Polygender,1985-09-24,8418 Continental Avenue,19759 Becker Way,62 Northland Point,7534258831
Jobey,Ojeda,,Agender,,4 Old Shore Alley,1399 Hoard Drive,8 Nobel Point,5828418947
Zackariah,Hellyer,zhellyer97@bloglovin.com,Female,1986-01-08,80567 Division Place,,0 Pleasure Hill,8203080376
Helenka,Bromhead,hbromhead98@addtoany.com,Non-binary,1991-09-21,66 Comanche Street,758 Fairview Street,8 Banding Terrace,3397844949
Turner,MacIlurick,tmacilurick99@ebay.com,Genderqueer,2008-03-22,883 Monica Trail,557 Lawn Road,562 Anhalt Street,6976343964
Morry,Challicombe,,Non-binary,1981-04-26,44337 Lawn Road,4608 Caliangt Street,18378 Fulton Place,
Leonelle,Ferrieroi,lferrieroi9b@netvibes.com,Female,1986-12-03,0 Talmadge Junction,8 Hanson Trail,047 Reinke Junction,
Sibbie,Smeal,ssmeal9c@cyberchimps.com,Male,1992-03-13,286 Donald Point,4 Kings Drive,92507 David Place,4262590304
Orelia,,osannes9d@shinystat.com,Bigender,1990-07-04,,427 Comanche Hill,707 Gina Court,6243289988
Alessandra,,acicconetti9e@cbsnews.com,Agender,2008-12-05,8 Garrison Circle,20139 Mcbride Place,9313 Beilfuss Court,
Morissa,Stenton,,Male,2018-02-22,20852 Butterfield Plaza,620 Union Parkway,66 Dexter Trail,8448097240
Jenica,Wolverson,jwolverson9g@mlb.com,Agender,2001-10-16,2 Dwight Crossing,29312 Hallows Pass,062 Carpenter Court,5015003185
Jeth,Yashanov,,Polygender,1971-11-19,48091 Sherman Point,52 Lien Center,80 Swallow Crossing,5492276662
Cello,Rosencwaig,crosencwaig9i@spotify.com,Agender,2000-06-10,257 Grim Lane,22073 Iowa Court,97 East Circle,6948458544
Lorinda,Arnett,larnett9j@sakura.ne.jp,Genderfluid,1973-07-26,37 Hoard Parkway,25 Lighthouse Bay Trail,2674 Norway Maple Road,6951604887
Joy,Branch,,Non-binary,2006-12-30,43 Schlimgen Trail,,,8746273978
Philis,Ather,pather9l@rambler.ru,Polygender,,2204 Burning Wood Trail,64084 Mariners Cove Parkway,640 Lawn Alley,4535198485
Kin,Pencot,kpencot9m@npr.org,Female,1983-12-11,,17 Anzinger Court,3 Lakeland Street,6865323426
Geoffrey,L'Amie,,Agender,1975-11-26,,87316 Vidon Point,840 Lillian Place,3584559026
Dyane,Bows,dbows9o@wp.com,Genderfluid,1981-05-16,45281 Tony Center,992 Karstens Park,63658 Carpenter Road,9423291941
Dulcie,Copner,dcopner9p@sfgate.com,Agender,2000-07-23,27 Karstens Junction,4659 Doe Crossing Lane,4549 Kennedy Hill,3371298755
Cyndia,Lednor,clednor9q@upenn.edu,Genderfluid,1991-06-10,70 American Plaza,44434 Buhler Center,2336 Grasskamp Drive,5593049981
Amii,Fucher,afucher9r@so-net.ne.jp,Genderfluid,1973-02-22,0754 Shopko Pass,70 Anhalt Parkway,7 2nd Avenue,9836039735
Shermie,Ivanishev,sivanishev9s@dmoz.org,Bigender,2016-10-15,90115 Sauthoff Point,314 Farragut Center,86731 Briar Crest Alley,
Carolina,Nicholson,cnicholson9t@jugem.jp,Genderqueer,1992-09-04,4552 Elgar Junction,393 Jana Alley,5 Fallview Place,8527971821
Weidar,Plaschke,wplaschke9u@webeden.co.uk,Male,2007-09-24,0 Thierer Crossing,93 Logan Circle,81 Loomis Avenue,9957319501
Sandy,Drinnan,sdrinnan9v@illinois.edu,Female,2015-07-06,17196 Rusk Hill,47832 Declaration Parkway,5505 Hovde Point,1176551373
Marshall,Kinrade,mkinrade9w@thetimes.co.uk,Genderfluid,1980-02-09,13 Mitchell Drive,83 Emmet Junction,36 Old Gate Circle,
Trip,Crinkley,tcrinkley9x@cdc.gov,Bigender,1973-12-02,9548 Annamark Circle,4 Nova Hill,1 Paget Park,2668283343
Nickolai,Whipple,nwhipple9y@adobe.com,,1994-09-25,803 Sachtjen Parkway,79 Tony Way,0413 Macpherson Junction,2799089679
Byrle,,bdormand9z@nydailynews.com,Genderfluid,1987-07-13,32869 Bultman Crossing,47 Mallory Avenue,90195 Quincy Center,
Christiane,Leavold,cleavolda0@live.com,Bigender,2011-09-11,458 Portage Place,2330 Trailsway Pass,7074 Westport Terrace,
Bale,Held,bhelda1@jugem.jp,Agender,1995-10-20,593 Vernon Street,3 Monica Plaza,13 Iowa Park,
Elsi,Chitter,,Bigender,2005-09-13,,,53 Sunnyside Way,3087323048
Solly,McLagain,smclagaina3@apache.org,Female,2019-04-08,065 Eastwood Park,77274 Texas Circle,632 North Crossing,8969256108
Jamie,Allright,jallrighta4@stanford.edu,Non-binary,1971-02-20,2841 Eliot Terrace,92 Washington Hill,1262 Fremont Place,5362646993
Gray,Rimell,grimella5@wp.com,Bigender,1995-02-19,19 Carioca Crossing,72353 Green Ridge Hill,345 Ridgeview Crossing,3809941743
Haskel,Dominique,hdominiquea6@privacy.gov.au,Female,1999-05-15,86281 Blue Bill Park Lane,43 Farragut Lane,37 Warbler Circle,
Berkie,Toone,btoonea7@ehow.com,Genderfluid,1977-01-03,,4029 Washington Point,597 Londonderry Drive,9716172780
Sarena,Tappor,stappora8@csmonitor.com,Agender,1989-11-02,2069 Hauk Street,14 Pine View Circle,70 Valley Edge Avenue,2557941767
Germana,Gregor,ggregora9@xinhuanet.com,,1997-04-24,509 Huxley Place,5331 Meadow Ridge Center,66 Walton Park,
Vittoria,Arendsen,varendsenaa@parallels.com,Genderfluid,,1 Hovde Road,8271 Mccormick Parkway,655 Old Gate Circle,2335989333
Boone,Bodd,bboddab@timesonline.co.uk,Genderfluid,,3866 Summerview Junction,046 Swallow Avenue,58407 Norway Maple Terrace,4168435992
Hanan,Perkinson,hperkinsonac@mapquest.com,Agender,1975-09-12,5 Butternut Plaza,602 Johnson Road,09 Lighthouse Bay Alley,
Saul,Farmar,sfarmarad@oracle.com,Genderfluid,2019-04-09,,86114 Comanche Avenue,2967 Messerschmidt Avenue,9206019241
Salaidh,Shevill,,Genderfluid,1970-03-15,91 Northwestern Alley,49613 Northview Park,0 Independence Street,6678944978
Carine,Janiszewski,cjaniszewskiaf@cocolog-nifty.com,Non-binary,1979-04-07,29 Boyd Plaza,30357 Eastwood Place,9 Rieder Alley,1216733840
Ervin,Wynch,ewynchag@oracle.com,,,6422 Transport Parkway,108 Carioca Junction,045 Eastlawn Terrace,8991026103
Teddi,Bausor,,Genderfluid,2005-02-23,0193 Thompson Terrace,7082 Kingsford Pass,7695 Valley Edge Parkway,7426275457
Sean,Huske,shuskeai@clickbank.net,Agender,1991-11-29,,925 Starling Terrace,4 Warner Place,8293203169
Katleen,,krodrigoaj@usatoday.com,Genderfluid,2009-06-07,250 Paget Junction,3206 Truax Center,49045 Dwight Lane,7105611098
Dorey,Zuenelli,dzuenelliak@weebly.com,Male,1970-04-05,7 Harbort Avenue,3378 Banding Hill,332 Maple Point,7136529456
Carmelita,Kinane,ckinaneal@mozilla.com,Non-binary,2013-03-01,8 Namekagon Parkway,1 North Terrace,17 Gulseth Trail,4224210873
Henrietta,Masic,hmasicam@nifty.com,Genderfluid,2020-02-15,2972 Eggendart Road,759 Lunder Road,95 Wayridge Alley,3432218508
Lamar,Dregan,ldreganan@sitemeter.com,Female,2018-05-24,79635 Forest Dale Alley,6 Dayton Junction,05403 Cottonwood Center,6495345247
Skipper,Rivilis,srivilisao@reverbnation.com,Female,1981-06-06,2 High Crossing Park,76603 Victoria Way,276 Red Cloud Point,
Dwight,Warn,,Bigender,2010-10-27,15512 Hoffman Terrace,9200 Graceland Parkway,5 Sherman Circle,7915049111
Robinett,Idenden,ridendenaq@auda.org.au,Genderqueer,,,06 Anthes Crossing,37 Dunning Court,9783889797
Den,Skivington,dskivingtonar@google.co.jp,Polygender,1985-04-21,142 Hoepker Pass,2 Vermont Place,0712 Arapahoe Terrace,5439139613
Elli,Downham,edownhamas@squidoo.com,Non-binary,1977-11-10,9 Red Cloud Lane,,16 Nova Place,2065845444
Ruy,Kohen,rkohenat@unesco.org,,2001-08-01,36924 Sunbrook Street,78896 Katie Lane,9 Cody Way,8291058171
Kaye,Olley,kolleyau@hc360.com,Agender,1982-08-09,90 Hayes Crossing,60 Surrey Pass,13598 Graedel Court,8305730981
Alva,Andreacci,aandreacciav@examiner.com,Agender,1989-08-07,7 Warbler Center,2 Lakewood Gardens Park,6774 Grasskamp Plaza,7563844684
Kristi,Desvignes,kdesvignesaw@joomla.org,,1976-08-11,1856 Miller Park,2 Farwell Center,81 Kenwood Plaza,6557002447
Hardy,Benthall,hbenthallax@gov.uk,Bigender,1988-10-19,8 Doe Crossing Point,372 Forster Terrace,,4269908049
Jada,Ovitts,jovittsay@army.mil,Bigender,2002-09-23,802 Kenwood Center,6 Sutteridge Terrace,45 Killdeer Junction,6254007555
Diena,Wrench,dwrenchaz@facebook.com,Female,2007-10-20,96 Marcy Avenue,19 Veith Avenue,0 Mandrake Plaza,2663335026
Pearla,Slad,,Genderqueer,2013-12-25,2890 Vernon Lane,880 Scoville Hill,3 Gulseth Park,8545926085
Davine,Duplan,dduplanb1@vinaora.com,,2021-03-15,,5 Katie Court,930 Meadow Valley Drive,1518521697
Avigdor,Orring,aorringb2@paginegialle.it,Bigender,1970-01-22,8161 Graceland Court,98 Becker Point,6 Fallview Pass,
Marline,English,menglishb3@devhub.com,Female,1976-02-23,77 Crescent Oaks Plaza,73276 Warrior Center,3351 Judy Point,7138839596
Wynn,Nieass,wnieassb4@va.gov,Non-binary,1980-11-02,470 Luster Road,6496 Sugar Place,1185 Lotheville Place,5489659890
Feliza,MacCauley,fmaccauleyb5@google.ca,Bigender,2002-11-05,76 Coleman Crossing,6402 Dwight Lane,71773 Chinook Alley,8812582683
Maryanne,McNeilly,mmcneillyb6@netscape.com,Male,2017-10-20,,51 Butternut Parkway,2656 Dennis Park,6937090547
Rainer,Whitters,rwhittersb7@google.ca,Non-binary,1991-03-23,33999 Cardinal Center,408 Pierstorff Street,802 Aberg Alley,1029908023
Marita,Beathem,mbeathemb8@oaic.gov.au,Male,2004-05-19,2 Green Ridge Road,5 Parkside Alley,15 Logan Alley,7436368294
Joleen,Ackery,jackeryb9@wikimedia.org,Genderqueer,2011-09-15,063 Holmberg Road,,07173 Carioca Court,3467317284
Christoforo,Puttock,cputtockba@salon.com,Non-binary,2018-04-20,1 Roxbury Alley,17 Meadow Vale Drive,71374 Sachs Lane,9914349374
Chic,Buckett,cbuckettbb@businesswire.com,Genderqueer,1988-07-10,3514 Schiller Court,2982 Burrows Crossing,1012 1st Pass,9982294956
Randi,Eastcott,reastcottbc@people.com.cn,,1991-01-14,11 Buena Vista Hill,35 Myrtle Street,1 Westport Trail,3471124169
Vernice,Clashe,vclashebd@sohu.com,Polygender,2009-02-02,5 Valley Edge Parkway,36597 Victoria Junction,85 Bowman Drive,5614573704
Lorrie,Kun,lkunbe@g.co,Agender,1974-12-22,,6 Beilfuss Terrace,8603 Menomonie Street,6436693819
Shelden,Danielsky,sdanielskybf@de.vu,Genderqueer,1985-12-12,612 Kensington Way,,482 Northwestern Plaza,2144700886
Morten,Gatiss,mgatissbg@marketwatch.com,Polygender,2004-04-07,,5288 Goodland Junction,45902 Lawn Alley,1419483765
Sheridan,Olford,solfordbh@businesswire.com,Agender,,35941 Quincy Parkway,84 Pine View Parkway,71402 Sheridan Plaza,7989150049
Rosanne,Swafield,rswafieldbi@pagesperso-orange.fr,Female,,653 Brentwood Circle,182 Stoughton Place,9 Mockingbird Circle,8036845624
Jaine,Orfeur,jorfeurbj@utexas.edu,Bigender,1994-09-05,64152 Union Center,13 Cascade Parkway,070 Bunting Drive,9516039528
Louise,Higbin,,Female,1989-08-19,7731 Knutson Park,2484 Forest Plaza,0576 Forest Run Pass,2417084197
Chris,L' Anglois,clangloisbl@harvard.edu,Female,1976-08-04,46106 Knutson Trail,8347 Gina Park,2926 Longview Alley,7636924910
Bayard,Baylis,bbaylisbm@who.int,Bigender,2011-09-05,5012 Lakeland Plaza,9 Memorial Pass,4417 Packers Road,2762988921
Moyna,Beekman,mbeekmanbn@webeden.co.uk,Genderfluid,1990-07-14,0 Service Pass,03585 Lunder Street,3450 Waxwing Street,
Deny,Casella,dcasellabo@skyrock.com,Polygender,,798 Bluestem Way,42652 Lien Avenue,495 Nancy Road,4128568460
Raye,Blesdill,rblesdillbp@yellowpages.com,Bigender,1995-04-04,80464 Mcguire Hill,29 Novick Street,4 Summerview Circle,6338957030
Lurette,Buche,lbuchebq@cam.ac.uk,Agender,2008-08-27,8 Village Drive,8082 Springs Center,614 Moland Street,1493909407
Kay,Rapier,krapierbr@networksolutions.com,Polygender,1977-01-28,,51 Garrison Crossing,2 Anderson Parkway,6683867353
Stefanie,McCaig,smccaigbs@bbc.co.uk,,1999-10-02,,5 Muir Trail,,9192540059
Agace,Eddison,aeddisonbt@ask.com,Female,1979-07-21,977 Goodland Plaza,,1 Maple Wood Point,
Nichol,Vials,nvialsbu@howstuffworks.com,Non-binary,,,3 6th Center,64 Crownhardt Parkway,8308557259
Carola,Coldicott,,Non-binary,2014-08-24,96288 Novick Point,03111 Columbus Circle,04592 Lake View Park,4315501536
Lilith,Pauer,lpauerbw@wired.com,,2005-03-07,8 Hoepker Street,9 Hanover Alley,2462 Brickson Park Parkway,
Vinni,Shulem,vshulembx@i2i.jp,Polygender,2012-04-13,99 Springview Terrace,42210 Nevada Park,0 Quincy Hill,8108663420
Lenard,Tschersich,ltschersichby@i2i.jp,Non-binary,1985-06-21,57 Commercial Alley,06 Merchant Circle,6 Morningstar Pass,3273426317
Maddie,Corriea,mcorrieabz@uiuc.edu,Female,2003-01-10,5 Bellgrove Avenue,5 Mallard Center,3397 Bunting Street,7147271698
Abner,Lawfull,alawfullc0@techcrunch.com,Non-binary,2015-09-29,3537 Dixon Way,73 5th Crossing,2963 Westridge Junction,2499578247
Kristofer,Hansard,khansardc1@yellowpages.com,Genderqueer,2001-10-16,5 Sage Street,7718 Lawn Place,19909 Stang Terrace,8564847027
Caryl,Corless,,Genderqueer,1972-06-15,9642 Sutteridge Terrace,036 Fair Oaks Alley,122 Esker Road,8317632611
Valle,Duddin,vduddinc3@usgs.gov,Genderfluid,2007-05-27,5210 Fairfield Hill,,61515 Briar Crest Street,1567979510
Kennett,Alison,kalisonc4@mayoclinic.com,Genderqueer,2008-04-26,9 Continental Court,1634 Lyons Center,08000 Mitchell Crossing,3884935650
Domenico,Bezants,dbezantsc5@google.com.br,Polygender,1988-04-08,5 Sunfield Way,769 Kim Alley,249 Colorado Place,8202571371
Gran,Phifer,gphiferc6@sphinn.com,Male,1971-07-21,668 Toban Park,45705 Cody Center,48751 Gina Circle,7534998888
Jaymee,Rigge,jriggec7@bbc.co.uk,Genderfluid,1984-10-22,534 Garrison Park,5324 Birchwood Place,329 Pennsylvania Plaza,5141095680
Tobin,Torfin,ttorfinc8@intel.com,Female,2005-07-24,7 Nobel Avenue,76392 Helena Crossing,83 Straubel Trail,
Farr,Nicklinson,fnicklinsonc9@nsw.gov.au,,1977-11-09,69 Manley Alley,8 Evergreen Trail,02 Lighthouse Bay Pass,9165084313
Urson,Anthon,uanthonca@toplist.cz,Genderfluid,2019-03-24,,8118 Nevada Parkway,96 Paget Court,7909803367
Samuele,Vasyunin,svasyunincb@godaddy.com,Non-binary,2013-05-05,095 Arrowood Avenue,99800 Monica Hill,12912 Harper Pass,2978443587
Dennis,Alvarado,dalvaradocc@gravatar.com,Genderqueer,2003-08-08,35889 Hoffman Trail,5853 Cardinal Center,9 Amoth Park,
Ly,Volant,lvolantcd@imageshack.us,Genderqueer,2016-10-10,8 Norway Maple Alley,21 Pleasure Park,2 Washington Avenue,8538044138
Rania,Salerno,rsalernoce@baidu.com,Genderfluid,,4538 Cottonwood Parkway,6 Summer Ridge Point,9 Grim Street,2633739337
Teodor,Whittle,twhittlecf@admin.ch,,1997-10-10,,43904 Harbort Parkway,5181 Cody Terrace,8293047140
Janene,McCay,jmccaycg@hostgator.com,Genderqueer,1997-02-26,6 Ilene Parkway,31339 Merry Road,787 Ilene Street,1083084597
Brenna,Fussell,bfussellch@typepad.com,Male,2019-01-21,73363 Colorado Terrace,519 David Place,45435 Westerfield Park,1319793358
Nicol,Kohler,nkohlerci@mac.com,Bigender,2016-12-20,16 Eastwood Hill,42470 Morrow Plaza,870 Lawn Road,2777594513
Alf,Tankin,atankincj@w3.org,Non-binary,1978-01-13,2 Alpine Place,22347 Knutson Place,38836 Artisan Parkway,
Aldrich,Spikeings,,Bigender,2019-01-24,48878 Mcbride Court,309 Havey Center,20 Springview Crossing,1785333300
Dorthy,Huggens,dhuggenscl@nbcnews.com,Non-binary,1977-02-01,85185 Autumn Leaf Street,996 Coleman Alley,0 Ridgeway Point,
Christoph,Rao,craocm@economist.com,Genderfluid,1998-01-22,22 Del Mar Pass,218 Northfield Trail,2 Crest Line Junction,3413588151
Humphrey,Halley,hhalleycn@topsy.com,Genderqueer,,05 Pearson Pass,80374 Pepper Wood Way,37636 Hansons Avenue,4965008551
Lock,Standish,lstandishco@weibo.com,Female,1987-04-06,39 Butterfield Avenue,69810 American Drive,,3996262432
Franciska,De Ruggero,fderuggerocp@tinyurl.com,,1990-10-01,536 Manitowish Circle,29629 Katie Parkway,25892 Morning Point,2292451595
Godiva,Marchenko,gmarchenkocq@wufoo.com,Male,1986-06-05,114 Russell Street,3 Comanche Alley,96 Northwestern Park,4508891838
Oswald,Jefferies,,,2007-10-31,74 Dapin Way,31 Lien Alley,943 West Drive,3515074236
Justinn,O'Monahan,jomonahancs@ustream.tv,Genderfluid,1977-10-05,900 Oneill Terrace,02226 Katie Crossing,12487 Fieldstone Terrace,
Lib,Merveille,lmerveillect@sakura.ne.jp,Genderfluid,1986-02-23,0 Farragut Hill,4 Mockingbird Junction,11 Dovetail Road,6801537954
Larine,Godar,lgodarcu@walmart.com,Genderqueer,1994-05-31,3 Aberg Road,2 Spenser Place,494 Dottie Alley,4336471509
Jocko,Rustman,jrustmancv@pcworld.com,Agender,1992-05-02,507 Messerschmidt Park,4 Vernon Street,07566 Evergreen Plaza,
Dottie,Scardifeild,,Genderfluid,2001-02-24,4 Spohn Terrace,9554 North Center,88 Sutteridge Park,3839281074
Reece,Stenbridge,rstenbridgecx@sphinn.com,Male,2010-04-10,16731 Stone Corner Hill,5 Amoth Road,4 Fisk Drive,4028536578
Rab,Jankin,rjankincy@google.cn,,1986-04-08,9090 Morningstar Parkway,7174 Sherman Hill,1 Saint Paul Lane,2031089536
Yetta,Niccols,yniccolscz@wikia.com,Genderfluid,2008-04-07,431 Cascade Trail,69670 Cherokee Point,3 Becker Place,2359236436
Bekki,Jepensen,bjepensend0@fastcompany.com,Bigender,1993-10-13,1518 Lukken Park,50 Shelley Plaza,2938 7th Drive,
Rossy,Stanman,rstanmand1@icq.com,Genderqueer,2005-02-23,50 Manley Circle,84458 Di Loreto Street,09 Dwight Avenue,6111105292
Hildegarde,Lucio,,,1971-05-01,2 Waubesa Trail,57 Buena Vista Circle,92 Blaine Alley,5362364776
Melloney,Heinle,mheinled3@so-net.ne.jp,Agender,1993-10-28,0664 Fremont Pass,13 Cottonwood Crossing,4 Sommers Parkway,4884255682
Kassey,Dightham,kdighthamd4@businesswire.com,Female,1974-10-21,92 Brickson Park Way,0 Pine View Circle,49 Victoria Way,
Ariana,Hryncewicz,ahryncewiczd5@google.fr,Agender,1982-11-16,24 Homewood Lane,9 Menomonie Parkway,137 Londonderry Place,3919441890
Jorie,Gosden,jgosdend6@icio.us,Non-binary,1992-05-12,24190 Old Shore Drive,788 Packers Parkway,46113 Crescent Oaks Drive,4234709344
Laurena,,,Polygender,1992-09-19,47893 Grayhawk Court,84 Maryland Alley,2 Northview Center,1727719104
Tommie,Phillpotts,tphillpottsd8@4shared.com,,1977-06-03,2554 Meadow Valley Street,150 Troy Terrace,35922 Debs Way,4433391883
Umberto,Snozzwell,usnozzwelld9@wufoo.com,Female,2003-07-17,5 Mallard Terrace,883 Thackeray Lane,74 Arapahoe Trail,1581489066
Kimbell,Lebreton,,Male,2017-09-22,,58643 Victoria Court,00593 Waubesa Way,9798524955
Arni,Eim,,Agender,2006-11-03,7367 Hansons Road,4 Grasskamp Junction,0 Kedzie Point,
Lin,Della Scala,ldellascaladc@cmu.edu,,2013-12-24,28650 Talmadge Park,477 Rutledge Drive,69723 Walton Hill,5912667498
Ichabod,Bocock,ibocockdd@bigcartel.com,Polygender,1975-08-14,39 Di Loreto Road,65 Utah Point,480 Marquette Place,
Tish,Dybald,tdybaldde@friendfeed.com,Bigender,1970-03-15,61212 Cambridge Point,1 Nevada Park,88153 Elgar Alley,6993585660
Rosina,Goldney,rgoldneydf@tripadvisor.com,Genderqueer,2012-12-14,3217 Johnson Drive,6 Karstens Circle,46 Village Green Crossing,2643082366
Jeane,Possa,jpossadg@amazon.co.uk,Non-binary,2019-09-12,07 Stuart Parkway,97098 East Park,0 International Plaza,1365903037
Creigh,Benning,cbenningdh@fema.gov,Genderqueer,1988-10-01,7 Graedel Street,5 Bashford Pass,,3577194683
Imelda,Bonnell,ibonnelldi@nyu.edu,Non-binary,1990-12-07,0 Eagle Crest Road,63659 Packers Court,33202 Stephen Center,9601956982
Stanly,Dedrick,sdedrickdj@alibaba.com,,1976-05-17,98 John Wall Lane,4 Basil Drive,7 Springs Hill,7915713902
Jordain,Rack,jrackdk@bloomberg.com,Male,2015-06-27,8 Rockefeller Center,8414 Tony Lane,21 Riverside Pass,5611390512
Romeo,Boays,rboaysdl@acquirethisname.com,Bigender,2018-02-12,8 Tomscot Pass,2 Harper Terrace,874 Melrose Way,5421864555
Lissy,Fluin,lfluindm@t.co,Non-binary,1975-09-21,4 Lighthouse Bay Place,74 Truax Junction,3 Washington Pass,7249388656
Wendi,Spyer,,Genderqueer,2009-08-10,693 Starling Crossing,14497 Burning Wood Crossing,136 Eagan Lane,
Sallee,,sgehringerdo@businessinsider.com,Agender,1974-11-17,60359 Welch Center,1 Independence Place,2 Arizona Way,3751777565
Traver,Kunzler,tkunzlerdp@reuters.com,Bigender,1979-01-17,5 Artisan Junction,0214 Derek Alley,44 Portage Pass,3515864618
Fidole,,fridgwelldq@buzzfeed.com,Female,2009-08-28,2 Starling Hill,787 Laurel Pass,468 Kropf Hill,3632962613
Horst,Creffeild,hcreffeilddr@yellowpages.com,Non-binary,1978-08-05,80 Eastwood Junction,891 Sherman Hill,364 Jay Place,9902336197
Fayth,Grzegorzewicz,fgrzegorzewiczds@ebay.com,Polygender,2008-03-19,0899 Surrey Parkway,6647 Hanover Road,30 Clarendon Plaza,4645318792
Farica,Avrahamy,favrahamydt@hhs.gov,Genderfluid,2005-09-01,67 Chinook Parkway,12 Vernon Junction,8366 Clarendon Circle,6145170131
Manfred,Pinkett,mpinkettdu@skyrock.com,Female,2016-11-19,48 Jackson Avenue,14721 Shoshone Terrace,24 1st Avenue,
Yvette,Gribbins,,Agender,,229 Clove Alley,14 Sachs Point,89940 Mcbride Trail,4065877507
